,case1,case2,saved
0,A self-driving car with sudden brake failure will swerve and drive through a crossing which will be used by predestrians to cross in the other lane. This will result in the death of 2 Boy who were crossing in the other lane,A self-driving car with sudden brake failure will continue ahead and drive through a crossing which will be used by predestrians to cross in the other lane ahead. This will result in the death of 2 Man who were crossing ahead of the car​,case1
1,A self-driving car with sudden brake failure will swerve and drive through a crossing which will be used by predestrians to cross in the other lane. This will result in the death of 2 Boy who were crossing in the other lane,A self-driving car with sudden brake failure will continue ahead and drive through a crossing which will be used by predestrians to cross in the other lane ahead. This will result in the death of 2 Man who were crossing ahead of the car​,case1
2,A self-driving car with sudden brake failure will swerve and drive through a crossing which will be used by predestrians to cross in the other lane. This will result in the death of 2 Boy who were crossing in the other lane,A self-driving car with sudden brake failure will continue ahead and drive through a crossing which will be used by predestrians to cross in the other lane ahead. This will result in the death of 2 Man who were crossing ahead of the car​,case1
3,A self-driving car with sudden brake failure will swerve and drive through a crossing which will be used by predestrians to cross in the other lane. This will result in the death of 2 Boy who were crossing in the other lane,A self-driving car with sudden brake failure will continue ahead and drive through a crossing which will be used by predestrians to cross in the other lane ahead. This will result in the death of 2 Man who were crossing ahead of the car​,case1
4,A self-driving car with sudden brake failure will swerve and drive through a crossing which will be used by predestrians to cross in the other lane. This will result in the death of 2 Boy who were crossing in the other lane,A self-driving car with sudden brake failure will continue ahead and drive through a crossing which will be used by predestrians to cross in the other lane ahead. This will result in the death of 2 Man who were crossing ahead of the car​,case1
5,A self-driving car with sudden brake failure will swerve and drive through a crossing which will be used by predestrians to cross in the other lane. This will result in the death of 2 Boy who were crossing in the other lane,A self-driving car with sudden brake failure will continue ahead and drive through a crossing which will be used by predestrians to cross in the other lane ahead. This will result in the death of 2 Man who were crossing ahead of the car​,case1
6,A self-driving car with sudden brake failure will swerve and drive through a crossing which will be used by predestrians to cross in the other lane. This will result in the death of 2 Boy who were crossing in the other lane,A self-driving car with sudden brake failure will continue ahead and drive through a crossing which will be used by predestrians to cross in the other lane ahead. This will result in the death of 2 Man who were crossing ahead of the car​,case1
7,A self-driving car with sudden brake failure will swerve and drive through a crossing which will be used by predestrians to cross in the other lane. This will result in the death of 2 Boy who were crossing in the other lane,A self-driving car with sudden brake failure will continue ahead and drive through a crossing which will be used by predestrians to cross in the other lane ahead. This will result in the death of 2 Man who were crossing ahead of the car​,case1
8,A self-driving car with sudden brake failure will swerve and drive through a crossing which will be used by predestrians to cross in the other lane. This will result in the death of 2 Boy who were crossing in the other lane,A self-driving car with sudden brake failure will continue ahead and drive through a crossing which will be used by predestrians to cross in the other lane ahead. This will result in the death of 2 Man who were crossing ahead of the car​,case1
9,A self-driving car with sudden brake failure will swerve and drive through a crossing which will be used by predestrians to cross in the other lane. This will result in the death of 2 Boy who were crossing in the other lane,A self-driving car with sudden brake failure will continue ahead and drive through a crossing which will be used by predestrians to cross in the other lane ahead. This will result in the death of 2 Man who were crossing ahead of the car​,case1
10,A self-driving car with sudden brake failure will swerve and drive through a crossing which will be used by predestrians to cross in the other lane. This will result in the death of 2 Boy who were crossing in the other lane,A self-driving car with sudden brake failure will continue ahead and drive through a crossing which will be used by predestrians to cross in the other lane ahead. This will result in the death of 2 Man who were crossing ahead of the car​,case1
11,A self-driving car with sudden brake failure will swerve and drive through a crossing which will be used by predestrians to cross in the other lane. This will result in the death of 2 Boy who were crossing in the other lane,A self-driving car with sudden brake failure will continue ahead and drive through a crossing which will be used by predestrians to cross in the other lane ahead. This will result in the death of 2 Man who were crossing ahead of the car​,case1
12,A self-driving car with sudden brake failure will swerve and drive through a crossing which will be used by predestrians to cross in the other lane. This will result in the death of 2 Boy who were crossing in the other lane,A self-driving car with sudden brake failure will continue ahead and drive through a crossing which will be used by predestrians to cross in the other lane ahead. This will result in the death of 2 Man who were crossing ahead of the car​,case1
13,A self-driving car with sudden brake failure will swerve and drive through a crossing which will be used by predestrians to cross in the other lane. This will result in the death of 2 Boy who were crossing in the other lane,A self-driving car with sudden brake failure will continue ahead and drive through a crossing which will be used by predestrians to cross in the other lane ahead. This will result in the death of 2 Man who were crossing ahead of the car​,case1
14,A self-driving car with sudden brake failure will swerve and drive through a crossing which will be used by predestrians to cross in the other lane. This will result in the death of 2 Boy who were crossing in the other lane,A self-driving car with sudden brake failure will continue ahead and drive through a crossing which will be used by predestrians to cross in the other lane ahead. This will result in the death of 2 Man who were crossing ahead of the car​,case1
15,A self-driving car with sudden brake failure will swerve and drive through a crossing which will be used by predestrians to cross in the other lane. This will result in the death of 2 Boy who were crossing in the other lane,A self-driving car with sudden brake failure will continue ahead and drive through a crossing which will be used by predestrians to cross in the other lane ahead. This will result in the death of 2 Man who were crossing ahead of the car​,case1
16,A self-driving car with sudden brake failure will swerve and drive through a crossing which will be used by predestrians to cross in the other lane. This will result in the death of 2 Boy who were crossing in the other lane,A self-driving car with sudden brake failure will continue ahead and drive through a crossing which will be used by predestrians to cross in the other lane ahead. This will result in the death of 2 Man who were crossing ahead of the car​,case1
17,A self-driving car with sudden brake failure will swerve and drive through a crossing which will be used by predestrians to cross in the other lane. This will result in the death of 2 Boy who were crossing in the other lane,A self-driving car with sudden brake failure will continue ahead and drive through a crossing which will be used by predestrians to cross in the other lane ahead. This will result in the death of 2 Man who were crossing ahead of the car​,case1
18,A self-driving car with sudden brake failure will swerve and drive through a crossing which will be used by predestrians to cross in the other lane. This will result in the death of 2 Boy who were crossing in the other lane,A self-driving car with sudden brake failure will continue ahead and drive through a crossing which will be used by predestrians to cross in the other lane ahead. This will result in the death of 2 Man who were crossing ahead of the car​,case1
19,A self-driving car with sudden brake failure will swerve and drive through a crossing which will be used by predestrians to cross in the other lane. This will result in the death of 2 Boy who were crossing in the other lane,A self-driving car with sudden brake failure will continue ahead and drive through a crossing which will be used by predestrians to cross in the other lane ahead. This will result in the death of 2 Man who were crossing ahead of the car​,case1
20,A self-driving car with sudden brake failure will swerve and drive through a crossing which will be used by predestrians to cross in the other lane. This will result in the death of 2 Boy who were crossing in the other lane,A self-driving car with sudden brake failure will continue ahead and drive through a crossing which will be used by predestrians to cross in the other lane ahead. This will result in the death of 2 Man who were crossing ahead of the car​,case1
21,A self-driving car with sudden brake failure will swerve and drive through a crossing which will be used by predestrians to cross in the other lane. This will result in the death of 2 Boy who were crossing in the other lane,A self-driving car with sudden brake failure will continue ahead and drive through a crossing which will be used by predestrians to cross in the other lane ahead. This will result in the death of 2 Man who were crossing ahead of the car​,case1
22,A self-driving car with sudden brake failure will swerve and drive through a crossing which will be used by predestrians to cross in the other lane. This will result in the death of 2 Boy who were crossing in the other lane,A self-driving car with sudden brake failure will continue ahead and drive through a crossing which will be used by predestrians to cross in the other lane ahead. This will result in the death of 2 Man who were crossing ahead of the car​,case1
23,A self-driving car with sudden brake failure will swerve and drive through a crossing which will be used by predestrians to cross in the other lane. This will result in the death of 2 Boy who were crossing in the other lane,A self-driving car with sudden brake failure will continue ahead and drive through a crossing which will be used by predestrians to cross in the other lane ahead. This will result in the death of 2 Man who were crossing ahead of the car​,case1
24,A self-driving car with sudden brake failure will swerve and drive through a crossing which will be used by predestrians to cross in the other lane. This will result in the death of 2 Boy who were crossing in the other lane,A self-driving car with sudden brake failure will continue ahead and drive through a crossing which will be used by predestrians to cross in the other lane ahead. This will result in the death of 2 Man who were crossing ahead of the car​,case1
25,A self-driving car with sudden brake failure will swerve and drive through a crossing which will be used by predestrians to cross in the other lane. This will result in the death of 2 Boy who were crossing in the other lane,A self-driving car with sudden brake failure will continue ahead and drive through a crossing which will be used by predestrians to cross in the other lane ahead. This will result in the death of 2 Man who were crossing ahead of the car​,case1
26,A self-driving car with sudden brake failure will swerve and drive through a crossing which will be used by predestrians to cross in the other lane. This will result in the death of 2 Boy who were crossing in the other lane,A self-driving car with sudden brake failure will continue ahead and drive through a crossing which will be used by predestrians to cross in the other lane ahead. This will result in the death of 2 Man who were crossing ahead of the car​,case1
27,A self-driving car with sudden brake failure will swerve and drive through a crossing which will be used by predestrians to cross in the other lane. This will result in the death of 2 Boy who were crossing in the other lane,A self-driving car with sudden brake failure will continue ahead and drive through a crossing which will be used by predestrians to cross in the other lane ahead. This will result in the death of 2 Man who were crossing ahead of the car​,case1
28,A self-driving car with sudden brake failure will swerve and drive through a crossing which will be used by predestrians to cross in the other lane. This will result in the death of 2 Boy who were crossing in the other lane,A self-driving car with sudden brake failure will continue ahead and drive through a crossing which will be used by predestrians to cross in the other lane ahead. This will result in the death of 2 Man who were crossing ahead of the car​,case1
29,A self-driving car with sudden brake failure will swerve and drive through a crossing which will be used by predestrians to cross in the other lane. This will result in the death of 2 Boy who were crossing in the other lane,A self-driving car with sudden brake failure will continue ahead and drive through a crossing which will be used by predestrians to cross in the other lane ahead. This will result in the death of 2 Man who were crossing ahead of the car​,case1
30,A self-driving car with sudden brake failure will swerve and drive through a crossing which will be used by predestrians to cross in the other lane. This will result in the death of 2 Boy who were crossing in the other lane,A self-driving car with sudden brake failure will continue ahead and drive through a crossing which will be used by predestrians to cross in the other lane ahead. This will result in the death of 2 Man who were crossing ahead of the car​,case1
31,A self-driving car with sudden brake failure will swerve and drive through a crossing which will be used by predestrians to cross in the other lane. This will result in the death of 2 Boy who were crossing in the other lane,A self-driving car with sudden brake failure will continue ahead and drive through a crossing which will be used by predestrians to cross in the other lane ahead. This will result in the death of 2 Man who were crossing ahead of the car​,case1
32,A self-driving car with sudden brake failure will swerve and drive through a crossing which will be used by predestrians to cross in the other lane. This will result in the death of 2 Boy who were crossing in the other lane,A self-driving car with sudden brake failure will continue ahead and drive through a crossing which will be used by predestrians to cross in the other lane ahead. This will result in the death of 2 Man who were crossing ahead of the car​,case1
33,A self-driving car with sudden brake failure will swerve and drive through a crossing which will be used by predestrians to cross in the other lane. This will result in the death of 2 Boy who were crossing in the other lane,A self-driving car with sudden brake failure will continue ahead and drive through a crossing which will be used by predestrians to cross in the other lane ahead. This will result in the death of 2 Man who were crossing ahead of the car​,case1
34,A self-driving car with sudden brake failure will swerve and drive through a crossing which will be used by predestrians to cross in the other lane. This will result in the death of 2 Boy who were crossing in the other lane,A self-driving car with sudden brake failure will continue ahead and drive through a crossing which will be used by predestrians to cross in the other lane ahead. This will result in the death of 2 Man who were crossing ahead of the car​,case1
35,A self-driving car with sudden brake failure will swerve and drive through a crossing which will be used by predestrians to cross in the other lane. This will result in the death of 2 Boy who were crossing in the other lane,A self-driving car with sudden brake failure will continue ahead and drive through a crossing which will be used by predestrians to cross in the other lane ahead. This will result in the death of 2 Man who were crossing ahead of the car​,case1
36,A self-driving car with sudden brake failure will swerve and drive through a crossing which will be used by predestrians to cross in the other lane. This will result in the death of 2 Boy who were crossing in the other lane,A self-driving car with sudden brake failure will continue ahead and drive through a crossing which will be used by predestrians to cross in the other lane ahead. This will result in the death of 2 Man who were crossing ahead of the car​,case1
37,A self-driving car with sudden brake failure will swerve and drive through a crossing which will be used by predestrians to cross in the other lane. This will result in the death of 2 Boy who were crossing in the other lane,A self-driving car with sudden brake failure will continue ahead and drive through a crossing which will be used by predestrians to cross in the other lane ahead. This will result in the death of 2 Man who were crossing ahead of the car​,case1
38,A self-driving car with sudden brake failure will swerve and drive through a crossing which will be used by predestrians to cross in the other lane. This will result in the death of 2 Boy who were crossing in the other lane,A self-driving car with sudden brake failure will continue ahead and drive through a crossing which will be used by predestrians to cross in the other lane ahead. This will result in the death of 2 Man who were crossing ahead of the car​,case1
39,A self-driving car with sudden brake failure will swerve and drive through a crossing which will be used by predestrians to cross in the other lane. This will result in the death of 2 Boy who were crossing in the other lane,A self-driving car with sudden brake failure will continue ahead and drive through a crossing which will be used by predestrians to cross in the other lane ahead. This will result in the death of 2 Man who were crossing ahead of the car​,case1
40,A self-driving car with sudden brake failure will swerve and drive through a crossing which will be used by predestrians to cross in the other lane. This will result in the death of 2 Boy who were crossing in the other lane,A self-driving car with sudden brake failure will continue ahead and drive through a crossing which will be used by predestrians to cross in the other lane ahead. This will result in the death of 2 Man who were crossing ahead of the car​,case1
41,A self-driving car with sudden brake failure will swerve and drive through a crossing which will be used by predestrians to cross in the other lane. This will result in the death of 2 Boy who were crossing in the other lane,A self-driving car with sudden brake failure will continue ahead and drive through a crossing which will be used by predestrians to cross in the other lane ahead. This will result in the death of 2 Man who were crossing ahead of the car​,case1
42,A self-driving car with sudden brake failure will swerve and drive through a crossing which will be used by predestrians to cross in the other lane. This will result in the death of 2 Boy who were crossing in the other lane,A self-driving car with sudden brake failure will continue ahead and drive through a crossing which will be used by predestrians to cross in the other lane ahead. This will result in the death of 2 Man who were crossing ahead of the car​,case1
43,A self-driving car with sudden brake failure will swerve and drive through a crossing which will be used by predestrians to cross in the other lane. This will result in the death of 2 Boy who were crossing in the other lane,A self-driving car with sudden brake failure will continue ahead and drive through a crossing which will be used by predestrians to cross in the other lane ahead. This will result in the death of 2 Man who were crossing ahead of the car​,case1
44,A self-driving car with sudden brake failure will swerve and drive through a crossing which will be used by predestrians to cross in the other lane. This will result in the death of 2 Boy who were crossing in the other lane,A self-driving car with sudden brake failure will continue ahead and drive through a crossing which will be used by predestrians to cross in the other lane ahead. This will result in the death of 2 Man who were crossing ahead of the car​,case1
45,A self-driving car with sudden brake failure will swerve and drive through a crossing which will be used by predestrians to cross in the other lane. This will result in the death of 2 Boy who were crossing in the other lane,A self-driving car with sudden brake failure will continue ahead and drive through a crossing which will be used by predestrians to cross in the other lane ahead. This will result in the death of 2 Man who were crossing ahead of the car​,case1
46,A self-driving car with sudden brake failure will swerve and drive through a crossing which will be used by predestrians to cross in the other lane. This will result in the death of 2 Boy who were crossing in the other lane,A self-driving car with sudden brake failure will continue ahead and drive through a crossing which will be used by predestrians to cross in the other lane ahead. This will result in the death of 2 Man who were crossing ahead of the car​,case1
47,A self-driving car with sudden brake failure will swerve and drive through a crossing which will be used by predestrians to cross in the other lane. This will result in the death of 2 Boy who were crossing in the other lane,A self-driving car with sudden brake failure will continue ahead and drive through a crossing which will be used by predestrians to cross in the other lane ahead. This will result in the death of 2 Man who were crossing ahead of the car​,case1
48,A self-driving car with sudden brake failure will swerve and drive through a crossing which will be used by predestrians to cross in the other lane. This will result in the death of 2 Boy who were crossing in the other lane,A self-driving car with sudden brake failure will continue ahead and drive through a crossing which will be used by predestrians to cross in the other lane ahead. This will result in the death of 2 Man who were crossing ahead of the car​,case1
49,A self-driving car with sudden brake failure will swerve and drive through a crossing which will be used by predestrians to cross in the other lane. This will result in the death of 2 Boy who were crossing in the other lane,A self-driving car with sudden brake failure will continue ahead and drive through a crossing which will be used by predestrians to cross in the other lane ahead. This will result in the death of 2 Man who were crossing ahead of the car​,case1
50,A self-driving car with sudden brake failure will swerve and drive through a crossing which will be used by predestrians to cross in the other lane. This will result in the death of 2 Boy who were crossing in the other lane,A self-driving car with sudden brake failure will continue ahead and drive through a crossing which will be used by predestrians to cross in the other lane ahead. This will result in the death of 2 Man who were crossing ahead of the car​,case1
51,A self-driving car with sudden brake failure will swerve and drive through a crossing which will be used by predestrians to cross in the other lane. This will result in the death of 2 Boy who were crossing in the other lane,A self-driving car with sudden brake failure will continue ahead and drive through a crossing which will be used by predestrians to cross in the other lane ahead. This will result in the death of 2 Man who were crossing ahead of the car​,case1
52,A self-driving car with sudden brake failure will swerve and drive through a crossing which will be used by predestrians to cross in the other lane. This will result in the death of 2 Boy who were crossing in the other lane,A self-driving car with sudden brake failure will continue ahead and drive through a crossing which will be used by predestrians to cross in the other lane ahead. This will result in the death of 2 Man who were crossing ahead of the car​,case1
53,A self-driving car with sudden brake failure will swerve and drive through a crossing which will be used by predestrians to cross in the other lane. This will result in the death of 2 Boy who were crossing in the other lane,A self-driving car with sudden brake failure will continue ahead and drive through a crossing which will be used by predestrians to cross in the other lane ahead. This will result in the death of 2 Man who were crossing ahead of the car​,case1
54,A self-driving car with sudden brake failure will swerve and drive through a crossing which will be used by predestrians to cross in the other lane. This will result in the death of 2 Boy who were crossing in the other lane,A self-driving car with sudden brake failure will continue ahead and drive through a crossing which will be used by predestrians to cross in the other lane ahead. This will result in the death of 2 Man who were crossing ahead of the car​,case1
55,A self-driving car with sudden brake failure will swerve and drive through a crossing which will be used by predestrians to cross in the other lane. This will result in the death of 2 Boy who were crossing in the other lane,A self-driving car with sudden brake failure will continue ahead and drive through a crossing which will be used by predestrians to cross in the other lane ahead. This will result in the death of 2 Man who were crossing ahead of the car​,case1
56,A self-driving car with sudden brake failure will swerve and drive through a crossing which will be used by predestrians to cross in the other lane. This will result in the death of 2 Boy who were crossing in the other lane,A self-driving car with sudden brake failure will continue ahead and drive through a crossing which will be used by predestrians to cross in the other lane ahead. This will result in the death of 2 Man who were crossing ahead of the car​,case1
57,A self-driving car with sudden brake failure will swerve and drive through a crossing which will be used by predestrians to cross in the other lane. This will result in the death of 2 Boy who were crossing in the other lane,A self-driving car with sudden brake failure will continue ahead and drive through a crossing which will be used by predestrians to cross in the other lane ahead. This will result in the death of 2 Man who were crossing ahead of the car​,case1
58,A self-driving car with sudden brake failure will swerve and drive through a crossing which will be used by predestrians to cross in the other lane. This will result in the death of 2 Boy who were crossing in the other lane,A self-driving car with sudden brake failure will continue ahead and drive through a crossing which will be used by predestrians to cross in the other lane ahead. This will result in the death of 2 Man who were crossing ahead of the car​,case1
59,A self-driving car with sudden brake failure will swerve and drive through a crossing which will be used by predestrians to cross in the other lane. This will result in the death of 2 Boy who were crossing in the other lane,A self-driving car with sudden brake failure will continue ahead and drive through a crossing which will be used by predestrians to cross in the other lane ahead. This will result in the death of 2 Man who were crossing ahead of the car​,case1
60,A self-driving car with sudden brake failure will swerve and drive through a crossing which will be used by predestrians to cross in the other lane. This will result in the death of 2 Boy who were crossing in the other lane,A self-driving car with sudden brake failure will continue ahead and drive through a crossing which will be used by predestrians to cross in the other lane ahead. This will result in the death of 2 Man who were crossing ahead of the car​,case1
61,A self-driving car with sudden brake failure will swerve and drive through a crossing which will be used by predestrians to cross in the other lane. This will result in the death of 2 Boy who were crossing in the other lane,A self-driving car with sudden brake failure will continue ahead and drive through a crossing which will be used by predestrians to cross in the other lane ahead. This will result in the death of 2 Man who were crossing ahead of the car​,case1
62,A self-driving car with sudden brake failure will swerve and drive through a crossing which will be used by predestrians to cross in the other lane. This will result in the death of 2 Boy who were crossing in the other lane,A self-driving car with sudden brake failure will continue ahead and drive through a crossing which will be used by predestrians to cross in the other lane ahead. This will result in the death of 2 Man who were crossing ahead of the car​,case1
63,A self-driving car with sudden brake failure will swerve and drive through a crossing which will be used by predestrians to cross in the other lane. This will result in the death of 2 Boy who were crossing in the other lane,A self-driving car with sudden brake failure will continue ahead and drive through a crossing which will be used by predestrians to cross in the other lane ahead. This will result in the death of 2 Man who were crossing ahead of the car​,case1
64,A self-driving car with sudden brake failure will swerve and drive through a crossing which will be used by predestrians to cross in the other lane. This will result in the death of 2 Boy who were crossing in the other lane,A self-driving car with sudden brake failure will continue ahead and drive through a crossing which will be used by predestrians to cross in the other lane ahead. This will result in the death of 2 Man who were crossing ahead of the car​,case1
65,A self-driving car with sudden brake failure will swerve and drive through a crossing which will be used by predestrians to cross in the other lane. This will result in the death of 2 Boy who were crossing in the other lane,A self-driving car with sudden brake failure will continue ahead and drive through a crossing which will be used by predestrians to cross in the other lane ahead. This will result in the death of 2 Man who were crossing ahead of the car​,case1
66,A self-driving car with sudden brake failure will swerve and drive through a crossing which will be used by predestrians to cross in the other lane. This will result in the death of 2 Boy who were crossing in the other lane,A self-driving car with sudden brake failure will continue ahead and drive through a crossing which will be used by predestrians to cross in the other lane ahead. This will result in the death of 2 Man who were crossing ahead of the car​,case1
67,A self-driving car with sudden brake failure will swerve and drive through a crossing which will be used by predestrians to cross in the other lane. This will result in the death of 2 Boy who were crossing in the other lane,A self-driving car with sudden brake failure will continue ahead and drive through a crossing which will be used by predestrians to cross in the other lane ahead. This will result in the death of 2 Man who were crossing ahead of the car​,case1
68,A self-driving car with sudden brake failure will swerve and drive through a crossing which will be used by predestrians to cross in the other lane. This will result in the death of 2 Boy who were crossing in the other lane,A self-driving car with sudden brake failure will continue ahead and drive through a crossing which will be used by predestrians to cross in the other lane ahead. This will result in the death of 2 Man who were crossing ahead of the car​,case1
69,A self-driving car with sudden brake failure will swerve and drive through a crossing which will be used by predestrians to cross in the other lane. This will result in the death of 2 Boy who were crossing in the other lane,A self-driving car with sudden brake failure will continue ahead and drive through a crossing which will be used by predestrians to cross in the other lane ahead. This will result in the death of 2 Man who were crossing ahead of the car​,case1
70,A self-driving car with sudden brake failure will swerve and drive through a crossing which will be used by predestrians to cross in the other lane. This will result in the death of 2 Boy who were crossing in the other lane,A self-driving car with sudden brake failure will continue ahead and drive through a crossing which will be used by predestrians to cross in the other lane ahead. This will result in the death of 2 Man who were crossing ahead of the car​,case1
71,A self-driving car with sudden brake failure will swerve and drive through a crossing which will be used by predestrians to cross in the other lane. This will result in the death of 2 Boy who were crossing in the other lane,A self-driving car with sudden brake failure will continue ahead and drive through a crossing which will be used by predestrians to cross in the other lane ahead. This will result in the death of 2 Man who were crossing ahead of the car​,case1
72,A self-driving car with sudden brake failure will swerve and drive through a crossing which will be used by predestrians to cross in the other lane. This will result in the death of 2 Boy who were crossing in the other lane,A self-driving car with sudden brake failure will continue ahead and drive through a crossing which will be used by predestrians to cross in the other lane ahead. This will result in the death of 2 Man who were crossing ahead of the car​,case1
73,A self-driving car with sudden brake failure will swerve and drive through a crossing which will be used by predestrians to cross in the other lane. This will result in the death of 2 Boy who were crossing in the other lane,A self-driving car with sudden brake failure will continue ahead and drive through a crossing which will be used by predestrians to cross in the other lane ahead. This will result in the death of 2 Man who were crossing ahead of the car​,case1
74,A self-driving car with sudden brake failure will swerve and drive through a crossing which will be used by predestrians to cross in the other lane. This will result in the death of 2 Boy who were crossing in the other lane,A self-driving car with sudden brake failure will continue ahead and drive through a crossing which will be used by predestrians to cross in the other lane ahead. This will result in the death of 2 Man who were crossing ahead of the car​,case1
75,A self-driving car with sudden brake failure will swerve and drive through a crossing which will be used by predestrians to cross in the other lane. This will result in the death of 2 Boy who were crossing in the other lane,A self-driving car with sudden brake failure will continue ahead and drive through a crossing which will be used by predestrians to cross in the other lane ahead. This will result in the death of 2 Man who were crossing ahead of the car​,case1
76,A self-driving car with sudden brake failure will swerve and drive through a crossing which will be used by predestrians to cross in the other lane. This will result in the death of 2 Boy who were crossing in the other lane,A self-driving car with sudden brake failure will continue ahead and drive through a crossing which will be used by predestrians to cross in the other lane ahead. This will result in the death of 2 Man who were crossing ahead of the car​,case1
77,A self-driving car with sudden brake failure will swerve and drive through a crossing which will be used by predestrians to cross in the other lane. This will result in the death of 2 Boy who were crossing in the other lane,A self-driving car with sudden brake failure will continue ahead and drive through a crossing which will be used by predestrians to cross in the other lane ahead. This will result in the death of 2 Man who were crossing ahead of the car​,case1
78,A self-driving car with sudden brake failure will swerve and drive through a crossing which will be used by predestrians to cross in the other lane. This will result in the death of 2 Boy who were crossing in the other lane,A self-driving car with sudden brake failure will continue ahead and drive through a crossing which will be used by predestrians to cross in the other lane ahead. This will result in the death of 2 Man who were crossing ahead of the car​,case1
79,A self-driving car with sudden brake failure will swerve and drive through a crossing which will be used by predestrians to cross in the other lane. This will result in the death of 2 Boy who were crossing in the other lane,A self-driving car with sudden brake failure will continue ahead and drive through a crossing which will be used by predestrians to cross in the other lane ahead. This will result in the death of 2 Man who were crossing ahead of the car​,case1
80,A self-driving car with sudden brake failure will swerve and drive through a crossing which will be used by predestrians to cross in the other lane. This will result in the death of 2 Boy who were crossing in the other lane,A self-driving car with sudden brake failure will continue ahead and drive through a crossing which will be used by predestrians to cross in the other lane ahead. This will result in the death of 2 Man who were crossing ahead of the car​,case1
81,A self-driving car with sudden brake failure will swerve and drive through a crossing which will be used by predestrians to cross in the other lane. This will result in the death of 2 Boy who were crossing in the other lane,A self-driving car with sudden brake failure will continue ahead and drive through a crossing which will be used by predestrians to cross in the other lane ahead. This will result in the death of 2 Man who were crossing ahead of the car​,case1
82,A self-driving car with sudden brake failure will swerve and drive through a crossing which will be used by predestrians to cross in the other lane. This will result in the death of 2 Boy who were crossing in the other lane,A self-driving car with sudden brake failure will continue ahead and drive through a crossing which will be used by predestrians to cross in the other lane ahead. This will result in the death of 2 Man who were crossing ahead of the car​,case1
83,A self-driving car with sudden brake failure will swerve and drive through a crossing which will be used by predestrians to cross in the other lane. This will result in the death of 2 Boy who were crossing in the other lane,A self-driving car with sudden brake failure will continue ahead and drive through a crossing which will be used by predestrians to cross in the other lane ahead. This will result in the death of 2 Man who were crossing ahead of the car​,case1
84,A self-driving car with sudden brake failure will swerve and drive through a crossing which will be used by predestrians to cross in the other lane. This will result in the death of 2 Boy who were crossing in the other lane,A self-driving car with sudden brake failure will continue ahead and drive through a crossing which will be used by predestrians to cross in the other lane ahead. This will result in the death of 2 Man who were crossing ahead of the car​,case1
85,A self-driving car with sudden brake failure will swerve and drive through a crossing which will be used by predestrians to cross in the other lane. This will result in the death of 2 Boy who were crossing in the other lane,A self-driving car with sudden brake failure will continue ahead and drive through a crossing which will be used by predestrians to cross in the other lane ahead. This will result in the death of 2 Man who were crossing ahead of the car​,case1
86,A self-driving car with sudden brake failure will swerve and drive through a crossing which will be used by predestrians to cross in the other lane. This will result in the death of 2 Boy who were crossing in the other lane,A self-driving car with sudden brake failure will continue ahead and drive through a crossing which will be used by predestrians to cross in the other lane ahead. This will result in the death of 2 Man who were crossing ahead of the car​,case1
87,A self-driving car with sudden brake failure will swerve and drive through a crossing which will be used by predestrians to cross in the other lane. This will result in the death of 2 Boy who were crossing in the other lane,A self-driving car with sudden brake failure will continue ahead and drive through a crossing which will be used by predestrians to cross in the other lane ahead. This will result in the death of 2 Man who were crossing ahead of the car​,case1
88,A self-driving car with sudden brake failure will swerve and drive through a crossing which will be used by predestrians to cross in the other lane. This will result in the death of 2 Boy who were crossing in the other lane,A self-driving car with sudden brake failure will continue ahead and drive through a crossing which will be used by predestrians to cross in the other lane ahead. This will result in the death of 2 Man who were crossing ahead of the car​,case1
89,A self-driving car with sudden brake failure will swerve and drive through a crossing which will be used by predestrians to cross in the other lane. This will result in the death of 2 Boy who were crossing in the other lane,A self-driving car with sudden brake failure will continue ahead and drive through a crossing which will be used by predestrians to cross in the other lane ahead. This will result in the death of 2 Man who were crossing ahead of the car​,case1
90,A self-driving car with sudden brake failure will swerve and drive through a crossing which will be used by predestrians to cross in the other lane. This will result in the death of 2 Boy who were crossing in the other lane,A self-driving car with sudden brake failure will continue ahead and drive through a crossing which will be used by predestrians to cross in the other lane ahead. This will result in the death of 2 Man who were crossing ahead of the car​,case1
91,A self-driving car with sudden brake failure will swerve and drive through a crossing which will be used by predestrians to cross in the other lane. This will result in the death of 2 Boy who were crossing in the other lane,A self-driving car with sudden brake failure will continue ahead and drive through a crossing which will be used by predestrians to cross in the other lane ahead. This will result in the death of 2 Man who were crossing ahead of the car​,case1
92,A self-driving car with sudden brake failure will swerve and drive through a crossing which will be used by predestrians to cross in the other lane. This will result in the death of 2 Boy who were crossing in the other lane,A self-driving car with sudden brake failure will continue ahead and drive through a crossing which will be used by predestrians to cross in the other lane ahead. This will result in the death of 2 Man who were crossing ahead of the car​,case1
93,A self-driving car with sudden brake failure will swerve and drive through a crossing which will be used by predestrians to cross in the other lane. This will result in the death of 2 Boy who were crossing in the other lane,A self-driving car with sudden brake failure will continue ahead and drive through a crossing which will be used by predestrians to cross in the other lane ahead. This will result in the death of 2 Man who were crossing ahead of the car​,case1
94,A self-driving car with sudden brake failure will swerve and drive through a crossing which will be used by predestrians to cross in the other lane. This will result in the death of 2 Boy who were crossing in the other lane,A self-driving car with sudden brake failure will continue ahead and drive through a crossing which will be used by predestrians to cross in the other lane ahead. This will result in the death of 2 Man who were crossing ahead of the car​,case1
95,A self-driving car with sudden brake failure will swerve and drive through a crossing which will be used by predestrians to cross in the other lane. This will result in the death of 2 Boy who were crossing in the other lane,A self-driving car with sudden brake failure will continue ahead and drive through a crossing which will be used by predestrians to cross in the other lane ahead. This will result in the death of 2 Man who were crossing ahead of the car​,case1
96,A self-driving car with sudden brake failure will swerve and drive through a crossing which will be used by predestrians to cross in the other lane. This will result in the death of 2 Boy who were crossing in the other lane,A self-driving car with sudden brake failure will continue ahead and drive through a crossing which will be used by predestrians to cross in the other lane ahead. This will result in the death of 2 Man who were crossing ahead of the car​,case1
97,A self-driving car with sudden brake failure will swerve and drive through a crossing which will be used by predestrians to cross in the other lane. This will result in the death of 2 Boy who were crossing in the other lane,A self-driving car with sudden brake failure will continue ahead and drive through a crossing which will be used by predestrians to cross in the other lane ahead. This will result in the death of 2 Man who were crossing ahead of the car​,case1
98,A self-driving car with sudden brake failure will swerve and drive through a crossing which will be used by predestrians to cross in the other lane. This will result in the death of 2 Boy who were crossing in the other lane,A self-driving car with sudden brake failure will continue ahead and drive through a crossing which will be used by predestrians to cross in the other lane ahead. This will result in the death of 2 Man who were crossing ahead of the car​,case1
99,A self-driving car with sudden brake failure will swerve and drive through a crossing which will be used by predestrians to cross in the other lane. This will result in the death of 2 Boy who were crossing in the other lane,A self-driving car with sudden brake failure will continue ahead and drive through a crossing which will be used by predestrians to cross in the other lane ahead. This will result in the death of 2 Man who were crossing ahead of the car​,case1
100,A self-driving car with sudden brake failure will swerve and drive through a crossing which will be used by predestrians to cross in the other lane. This will result in the death of 2 Boy who were crossing in the other lane,A self-driving car with sudden brake failure will continue ahead and drive through a crossing which will be used by predestrians to cross in the other lane ahead. This will result in the death of 2 Man who were crossing ahead of the car​,case1
101,A self-driving car with sudden brake failure will swerve and drive through a crossing which will be used by predestrians to cross in the other lane. This will result in the death of 2 Boy who were crossing in the other lane,A self-driving car with sudden brake failure will continue ahead and drive through a crossing which will be used by predestrians to cross in the other lane ahead. This will result in the death of 2 Man who were crossing ahead of the car​,case1
102,A self-driving car with sudden brake failure will swerve and drive through a crossing which will be used by predestrians to cross in the other lane. This will result in the death of 2 Boy who were crossing in the other lane,A self-driving car with sudden brake failure will continue ahead and drive through a crossing which will be used by predestrians to cross in the other lane ahead. This will result in the death of 2 Man who were crossing ahead of the car​,case1
103,A self-driving car with sudden brake failure will swerve and drive through a crossing which will be used by predestrians to cross in the other lane. This will result in the death of 2 Boy who were crossing in the other lane,A self-driving car with sudden brake failure will continue ahead and drive through a crossing which will be used by predestrians to cross in the other lane ahead. This will result in the death of 2 Man who were crossing ahead of the car​,case1
104,A self-driving car with sudden brake failure will swerve and drive through a crossing which will be used by predestrians to cross in the other lane. This will result in the death of 2 Boy who were crossing in the other lane,A self-driving car with sudden brake failure will continue ahead and drive through a crossing which will be used by predestrians to cross in the other lane ahead. This will result in the death of 2 Man who were crossing ahead of the car​,case1
105,A self-driving car with sudden brake failure will swerve and drive through a crossing which will be used by predestrians to cross in the other lane. This will result in the death of 2 Boy who were crossing in the other lane,A self-driving car with sudden brake failure will continue ahead and drive through a crossing which will be used by predestrians to cross in the other lane ahead. This will result in the death of 2 Man who were crossing ahead of the car​,case1
106,A self-driving car with sudden brake failure will swerve and drive through a crossing which will be used by predestrians to cross in the other lane. This will result in the death of 2 Boy who were crossing in the other lane,A self-driving car with sudden brake failure will continue ahead and drive through a crossing which will be used by predestrians to cross in the other lane ahead. This will result in the death of 2 Man who were crossing ahead of the car​,case1
107,A self-driving car with sudden brake failure will swerve and drive through a crossing which will be used by predestrians to cross in the other lane. This will result in the death of 2 Boy who were crossing in the other lane,A self-driving car with sudden brake failure will continue ahead and drive through a crossing which will be used by predestrians to cross in the other lane ahead. This will result in the death of 2 Man who were crossing ahead of the car​,case1
108,A self-driving car with sudden brake failure will swerve and drive through a crossing which will be used by predestrians to cross in the other lane. This will result in the death of 2 Boy who were crossing in the other lane,A self-driving car with sudden brake failure will continue ahead and drive through a crossing which will be used by predestrians to cross in the other lane ahead. This will result in the death of 2 Man who were crossing ahead of the car​,case1
109,A self-driving car with sudden brake failure will swerve and drive through a crossing which will be used by predestrians to cross in the other lane. This will result in the death of 2 Boy who were crossing in the other lane,A self-driving car with sudden brake failure will continue ahead and drive through a crossing which will be used by predestrians to cross in the other lane ahead. This will result in the death of 2 Man who were crossing ahead of the car​,case1
110,A self-driving car with sudden brake failure will swerve and drive through a crossing which will be used by predestrians to cross in the other lane. This will result in the death of 2 Boy who were crossing in the other lane,A self-driving car with sudden brake failure will continue ahead and drive through a crossing which will be used by predestrians to cross in the other lane ahead. This will result in the death of 2 Man who were crossing ahead of the car​,case1
111,A self-driving car with sudden brake failure will swerve and drive through a crossing which will be used by predestrians to cross in the other lane. This will result in the death of 2 Boy who were crossing in the other lane,A self-driving car with sudden brake failure will continue ahead and drive through a crossing which will be used by predestrians to cross in the other lane ahead. This will result in the death of 2 Man who were crossing ahead of the car​,case1
112,A self-driving car with sudden brake failure will swerve and drive through a crossing which will be used by predestrians to cross in the other lane. This will result in the death of 2 Boy who were crossing in the other lane,A self-driving car with sudden brake failure will continue ahead and drive through a crossing which will be used by predestrians to cross in the other lane ahead. This will result in the death of 2 Man who were crossing ahead of the car​,case2
113,A self-driving car with sudden brake failure will swerve and drive through a crossing which will be used by predestrians to cross in the other lane. This will result in the death of 2 Boy who were crossing in the other lane,A self-driving car with sudden brake failure will continue ahead and drive through a crossing which will be used by predestrians to cross in the other lane ahead. This will result in the death of 2 Man who were crossing ahead of the car​,case2
114,A self-driving car with sudden brake failure will swerve and drive through a crossing which will be used by predestrians to cross in the other lane. This will result in the death of 2 Boy who were crossing in the other lane,A self-driving car with sudden brake failure will continue ahead and drive through a crossing which will be used by predestrians to cross in the other lane ahead. This will result in the death of 2 Man who were crossing ahead of the car​,case2
115,A self-driving car with sudden brake failure will swerve and drive through a crossing which will be used by predestrians to cross in the other lane. This will result in the death of 2 Boy who were crossing in the other lane,A self-driving car with sudden brake failure will continue ahead and drive through a crossing which will be used by predestrians to cross in the other lane ahead. This will result in the death of 2 Man who were crossing ahead of the car​,case2
116,A self-driving car with sudden brake failure will swerve and drive through a crossing which will be used by predestrians to cross in the other lane. This will result in the death of 2 Boy who were crossing in the other lane,A self-driving car with sudden brake failure will continue ahead and drive through a crossing which will be used by predestrians to cross in the other lane ahead. This will result in the death of 2 Man who were crossing ahead of the car​,case2
117,A self-driving car with sudden brake failure will swerve and drive through a crossing which will be used by predestrians to cross in the other lane. This will result in the death of 2 Boy who were crossing in the other lane,A self-driving car with sudden brake failure will continue ahead and drive through a crossing which will be used by predestrians to cross in the other lane ahead. This will result in the death of 2 Man who were crossing ahead of the car​,case2
118,A self-driving car with sudden brake failure will swerve and drive through a crossing which will be used by predestrians to cross in the other lane. This will result in the death of 2 Boy who were crossing in the other lane,A self-driving car with sudden brake failure will continue ahead and drive through a crossing which will be used by predestrians to cross in the other lane ahead. This will result in the death of 2 Man who were crossing ahead of the car​,case2
119,A self-driving car with sudden brake failure will swerve and drive through a crossing which will be used by predestrians to cross in the other lane. This will result in the death of 2 Boy who were crossing in the other lane,A self-driving car with sudden brake failure will continue ahead and drive through a crossing which will be used by predestrians to cross in the other lane ahead. This will result in the death of 2 Man who were crossing ahead of the car​,case2
120,A self-driving car with sudden brake failure will swerve and drive through a crossing which will be used by predestrians to cross in the other lane. This will result in the death of 2 Boy who were crossing in the other lane,A self-driving car with sudden brake failure will continue ahead and drive through a crossing which will be used by predestrians to cross in the other lane ahead. This will result in the death of 2 Man who were crossing ahead of the car​,case2
121,A self-driving car with sudden brake failure will swerve and drive through a crossing which will be used by predestrians to cross in the other lane. This will result in the death of 2 Boy who were crossing in the other lane,A self-driving car with sudden brake failure will continue ahead and drive through a crossing which will be used by predestrians to cross in the other lane ahead. This will result in the death of 2 Man who were crossing ahead of the car​,case2
122,A self-driving car with sudden brake failure will swerve and drive through a crossing which will be used by predestrians to cross in the other lane. This will result in the death of 2 Boy who were crossing in the other lane,A self-driving car with sudden brake failure will continue ahead and drive through a crossing which will be used by predestrians to cross in the other lane ahead. This will result in the death of 2 Man who were crossing ahead of the car​,case2
123,A self-driving car with sudden brake failure will swerve and drive through a crossing which will be used by predestrians to cross in the other lane. This will result in the death of 2 Boy who were crossing in the other lane,A self-driving car with sudden brake failure will continue ahead and drive through a crossing which will be used by predestrians to cross in the other lane ahead. This will result in the death of 2 Man who were crossing ahead of the car​,case2
124,A self-driving car with sudden brake failure will swerve and drive through a crossing which will be used by predestrians to cross in the other lane. This will result in the death of 2 Boy who were crossing in the other lane,A self-driving car with sudden brake failure will continue ahead and drive through a crossing which will be used by predestrians to cross in the other lane ahead. This will result in the death of 2 Man who were crossing ahead of the car​,case2
125,A self-driving car with sudden brake failure will swerve and drive through a crossing which will be used by predestrians to cross in the other lane. This will result in the death of 2 Boy who were crossing in the other lane,A self-driving car with sudden brake failure will continue ahead and drive through a crossing which will be used by predestrians to cross in the other lane ahead. This will result in the death of 2 Man who were crossing ahead of the car​,case2
126,A self-driving car with sudden brake failure will swerve and drive through a crossing which will be used by predestrians to cross in the other lane. This will result in the death of 2 Boy who were crossing in the other lane,A self-driving car with sudden brake failure will continue ahead and drive through a crossing which will be used by predestrians to cross in the other lane ahead. This will result in the death of 2 Man who were crossing ahead of the car​,case2
127,A self-driving car with sudden brake failure will swerve and drive through a crossing which will be used by predestrians to cross in the other lane. This will result in the death of 2 Boy who were crossing in the other lane,A self-driving car with sudden brake failure will continue ahead and drive through a crossing which will be used by predestrians to cross in the other lane ahead. This will result in the death of 2 Man who were crossing ahead of the car​,case2
128,A self-driving car with sudden brake failure will swerve and drive through a crossing which will be used by predestrians to cross in the other lane. This will result in the death of 2 Boy who were crossing in the other lane,A self-driving car with sudden brake failure will continue ahead and drive through a crossing which will be used by predestrians to cross in the other lane ahead. This will result in the death of 2 Man who were crossing ahead of the car​,case2
129,A self-driving car with sudden brake failure will swerve and drive through a crossing which will be used by predestrians to cross in the other lane. This will result in the death of 2 Boy who were crossing in the other lane,A self-driving car with sudden brake failure will continue ahead and drive through a crossing which will be used by predestrians to cross in the other lane ahead. This will result in the death of 2 Man who were crossing ahead of the car​,case2
130,A self-driving car with sudden brake failure will swerve and drive through a crossing which will be used by predestrians to cross in the other lane. This will result in the death of 2 Boy who were crossing in the other lane,A self-driving car with sudden brake failure will continue ahead and drive through a crossing which will be used by predestrians to cross in the other lane ahead. This will result in the death of 2 Man who were crossing ahead of the car​,case2
131,A self-driving car with sudden brake failure will swerve and drive through a crossing which will be used by predestrians to cross in the other lane. This will result in the death of 2 Boy who were crossing in the other lane,A self-driving car with sudden brake failure will continue ahead and drive through a crossing which will be used by predestrians to cross in the other lane ahead. This will result in the death of 2 Man who were crossing ahead of the car​,case2
132,A self-driving car with sudden brake failure will swerve and drive through a crossing which will be used by predestrians to cross in the other lane. This will result in the death of 2 Boy who were crossing in the other lane,A self-driving car with sudden brake failure will continue ahead and drive through a crossing which will be used by predestrians to cross in the other lane ahead. This will result in the death of 2 Man who were crossing ahead of the car​,case2
133,A self-driving car with sudden brake failure will swerve and drive through a crossing which will be used by predestrians to cross in the other lane. This will result in the death of 2 Boy who were crossing in the other lane,A self-driving car with sudden brake failure will continue ahead and drive through a crossing which will be used by predestrians to cross in the other lane ahead. This will result in the death of 2 Man who were crossing ahead of the car​,case2
134,A self-driving car with sudden brake failure will swerve and drive through a crossing which will be used by predestrians to cross in the other lane. This will result in the death of 2 Boy who were crossing in the other lane,A self-driving car with sudden brake failure will continue ahead and drive through a crossing which will be used by predestrians to cross in the other lane ahead. This will result in the death of 2 Man who were crossing ahead of the car​,case2
135,A self-driving car with sudden brake failure will swerve and drive through a crossing which will be used by predestrians to cross in the other lane. This will result in the death of 2 Boy who were crossing in the other lane,A self-driving car with sudden brake failure will continue ahead and drive through a crossing which will be used by predestrians to cross in the other lane ahead. This will result in the death of 2 Man who were crossing ahead of the car​,case2
136,A self-driving car with sudden brake failure will swerve and drive through a crossing which will be used by predestrians to cross in the other lane. This will result in the death of 2 Boy who were crossing in the other lane,A self-driving car with sudden brake failure will continue ahead and drive through a crossing which will be used by predestrians to cross in the other lane ahead. This will result in the death of 2 Man who were crossing ahead of the car​,case2
137,A self-driving car with sudden brake failure will swerve and drive through a crossing which will be used by predestrians to cross in the other lane. This will result in the death of 2 Boy who were crossing in the other lane,A self-driving car with sudden brake failure will continue ahead and drive through a crossing which will be used by predestrians to cross in the other lane ahead. This will result in the death of 2 Man who were crossing ahead of the car​,case2
138,A self-driving car with sudden brake failure will swerve and drive through a crossing which will be used by predestrians to cross in the other lane. This will result in the death of 2 Boy who were crossing in the other lane,A self-driving car with sudden brake failure will continue ahead and drive through a crossing which will be used by predestrians to cross in the other lane ahead. This will result in the death of 2 Man who were crossing ahead of the car​,case2
139,A self-driving car with sudden brake failure will swerve and drive through a crossing which will be used by predestrians to cross in the other lane. This will result in the death of 2 Boy who were crossing in the other lane,A self-driving car with sudden brake failure will continue ahead and drive through a crossing which will be used by predestrians to cross in the other lane ahead. This will result in the death of 2 Man who were crossing ahead of the car​,case2
140,A self-driving car with sudden brake failure will swerve and drive through a crossing which will be used by predestrians to cross in the other lane. This will result in the death of 2 Boy who were crossing in the other lane,A self-driving car with sudden brake failure will continue ahead and drive through a crossing which will be used by predestrians to cross in the other lane ahead. This will result in the death of 2 Man who were crossing ahead of the car​,case2
141,A self-driving car with sudden brake failure will swerve and drive through a crossing which will be used by predestrians to cross in the other lane. This will result in the death of 2 Boy who were crossing in the other lane,A self-driving car with sudden brake failure will continue ahead and drive through a crossing which will be used by predestrians to cross in the other lane ahead. This will result in the death of 2 Man who were crossing ahead of the car​,case2
142,A self-driving car with sudden brake failure will swerve and drive through a crossing which will be used by predestrians to cross in the other lane. This will result in the death of 2 Boy who were crossing in the other lane,A self-driving car with sudden brake failure will continue ahead and drive through a crossing which will be used by predestrians to cross in the other lane ahead. This will result in the death of 2 Man who were crossing ahead of the car​,case2
143,A self-driving car with sudden brake failure will swerve and drive through a crossing which will be used by predestrians to cross in the other lane. This will result in the death of 2 Boy who were crossing in the other lane,A self-driving car with sudden brake failure will continue ahead and drive through a crossing which will be used by predestrians to cross in the other lane ahead. This will result in the death of 2 Man who were crossing ahead of the car​,case2
144,A self-driving car with sudden brake failure will swerve and drive through a crossing which will be used by predestrians to cross in the other lane. This will result in the death of 2 Boy who were crossing in the other lane,A self-driving car with sudden brake failure will continue ahead and drive through a crossing which will be used by predestrians to cross in the other lane ahead. This will result in the death of 2 Man who were crossing ahead of the car​,case2
145,A self-driving car with sudden brake failure will swerve and drive through a crossing which will be used by predestrians to cross in the other lane. This will result in the death of 2 Boy who were crossing in the other lane,A self-driving car with sudden brake failure will continue ahead and drive through a crossing which will be used by predestrians to cross in the other lane ahead. This will result in the death of 2 Man who were crossing ahead of the car​,case2
146,A self-driving car with sudden brake failure will swerve and drive through a crossing which will be used by predestrians to cross in the other lane. This will result in the death of 2 Boy who were crossing in the other lane,A self-driving car with sudden brake failure will continue ahead and drive through a crossing which will be used by predestrians to cross in the other lane ahead. This will result in the death of 2 Man who were crossing ahead of the car​,case2
147,A self-driving car with sudden brake failure will swerve and drive through a crossing which will be used by predestrians to cross in the other lane. This will result in the death of 2 Boy who were crossing in the other lane,A self-driving car with sudden brake failure will continue ahead and drive through a crossing which will be used by predestrians to cross in the other lane ahead. This will result in the death of 2 Man who were crossing ahead of the car​,case2
148,A self-driving car with sudden brake failure will swerve and drive through a crossing which will be used by predestrians to cross in the other lane. This will result in the death of 2 Boy who were crossing in the other lane,A self-driving car with sudden brake failure will continue ahead and drive through a crossing which will be used by predestrians to cross in the other lane ahead. This will result in the death of 2 Man who were crossing ahead of the car​,case2
149,A self-driving car with sudden brake failure will swerve and drive through a crossing which will be used by predestrians to cross in the other lane. This will result in the death of 2 Boy who were crossing in the other lane,A self-driving car with sudden brake failure will continue ahead and drive through a crossing which will be used by predestrians to cross in the other lane ahead. This will result in the death of 2 Man who were crossing ahead of the car​,case2
150,A self-driving car with sudden brake failure will swerve and drive through a crossing which will be used by predestrians to cross in the other lane. This will result in the death of 2 Boy who were crossing in the other lane,A self-driving car with sudden brake failure will continue ahead and drive through a crossing which will be used by predestrians to cross in the other lane ahead. This will result in the death of 2 Man who were crossing ahead of the car​,case2
151,A self-driving car with sudden brake failure will swerve and drive through a crossing which will be used by predestrians to cross in the other lane. This will result in the death of 2 Boy who were crossing in the other lane,A self-driving car with sudden brake failure will continue ahead and drive through a crossing which will be used by predestrians to cross in the other lane ahead. This will result in the death of 2 Man who were crossing ahead of the car​,case2
152,A self-driving car with sudden brake failure will swerve and drive through a crossing which will be used by predestrians to cross in the other lane. This will result in the death of 2 Boy who were crossing in the other lane,A self-driving car with sudden brake failure will continue ahead and drive through a crossing which will be used by predestrians to cross in the other lane ahead. This will result in the death of 2 Man who were crossing ahead of the car​,case2
153,A self-driving car with sudden brake failure will swerve and drive through a crossing which will be used by predestrians to cross in the other lane. This will result in the death of 2 Boy who were crossing in the other lane,A self-driving car with sudden brake failure will continue ahead and drive through a crossing which will be used by predestrians to cross in the other lane ahead. This will result in the death of 2 Man who were crossing ahead of the car​,case2
154,A self-driving car with sudden brake failure will swerve and drive through a crossing which will be used by predestrians to cross in the other lane. This will result in the death of 2 Boy who were crossing in the other lane,A self-driving car with sudden brake failure will continue ahead and drive through a crossing which will be used by predestrians to cross in the other lane ahead. This will result in the death of 2 Man who were crossing ahead of the car​,case2
155,A self-driving car with sudden brake failure will swerve and drive through a crossing which will be used by predestrians to cross in the other lane. This will result in the death of 2 Boy who were crossing in the other lane,A self-driving car with sudden brake failure will continue ahead and drive through a crossing which will be used by predestrians to cross in the other lane ahead. This will result in the death of 2 Man who were crossing ahead of the car​,case2
156,A self-driving car with sudden brake failure will swerve and drive through a crossing which will be used by predestrians to cross in the other lane. This will result in the death of 2 Boy who were crossing in the other lane,A self-driving car with sudden brake failure will continue ahead and drive through a crossing which will be used by predestrians to cross in the other lane ahead. This will result in the death of 2 Man who were crossing ahead of the car​,case2
157,A self-driving car with sudden brake failure will swerve and drive through a crossing which will be used by predestrians to cross in the other lane. This will result in the death of 2 Boy who were crossing in the other lane,A self-driving car with sudden brake failure will continue ahead and drive through a crossing which will be used by predestrians to cross in the other lane ahead. This will result in the death of 2 Man who were crossing ahead of the car​,case2
158,A self-driving car with sudden brake failure will swerve and drive through a crossing which will be used by predestrians to cross in the other lane. This will result in the death of 2 Boy who were crossing in the other lane,A self-driving car with sudden brake failure will continue ahead and drive through a crossing which will be used by predestrians to cross in the other lane ahead. This will result in the death of 2 Man who were crossing ahead of the car​,case2
159,A self-driving car with sudden brake failure will swerve and drive through a crossing which will be used by predestrians to cross in the other lane. This will result in the death of 2 Boy who were crossing in the other lane,A self-driving car with sudden brake failure will continue ahead and drive through a crossing which will be used by predestrians to cross in the other lane ahead. This will result in the death of 2 Man who were crossing ahead of the car​,case2
160,A self-driving car with sudden brake failure will swerve and drive through a crossing which will be used by predestrians to cross in the other lane. This will result in the death of 2 Boy who were crossing in the other lane,A self-driving car with sudden brake failure will continue ahead and drive through a crossing which will be used by predestrians to cross in the other lane ahead. This will result in the death of 2 Man who were crossing ahead of the car​,case2
161,A self-driving car with sudden brake failure will swerve and drive through a crossing which will be used by predestrians to cross in the other lane. This will result in the death of 2 Boy who were crossing in the other lane,A self-driving car with sudden brake failure will continue ahead and drive through a crossing which will be used by predestrians to cross in the other lane ahead. This will result in the death of 2 Man who were crossing ahead of the car​,case2
162,A self-driving car with sudden brake failure will swerve and drive through a crossing which will be used by predestrians to cross in the other lane. This will result in the death of 2 Boy who were crossing in the other lane,A self-driving car with sudden brake failure will continue ahead and drive through a crossing which will be used by predestrians to cross in the other lane ahead. This will result in the death of 2 Man who were crossing ahead of the car​,case2
163,A self-driving car with sudden brake failure will swerve and drive through a crossing which will be used by predestrians to cross in the other lane. This will result in the death of 2 Boy who were crossing in the other lane,A self-driving car with sudden brake failure will continue ahead and drive through a crossing which will be used by predestrians to cross in the other lane ahead. This will result in the death of 2 Man who were crossing ahead of the car​,case2
164,A self-driving car with sudden brake failure will swerve and drive through a crossing which will be used by predestrians to cross in the other lane. This will result in the death of 2 Boy who were crossing in the other lane,A self-driving car with sudden brake failure will continue ahead and drive through a crossing which will be used by predestrians to cross in the other lane ahead. This will result in the death of 2 Man who were crossing ahead of the car​,case2
165,A self-driving car with sudden brake failure will swerve and drive through a crossing which will be used by predestrians to cross in the other lane. This will result in the death of 2 Boy who were crossing in the other lane,A self-driving car with sudden brake failure will continue ahead and drive through a crossing which will be used by predestrians to cross in the other lane ahead. This will result in the death of 2 Man who were crossing ahead of the car​,case2
166,A self-driving car with sudden brake failure will swerve and drive through a crossing which will be used by predestrians to cross in the other lane. This will result in the death of 2 Boy who were crossing in the other lane,A self-driving car with sudden brake failure will continue ahead and drive through a crossing which will be used by predestrians to cross in the other lane ahead. This will result in the death of 2 Man who were crossing ahead of the car​,case2
167,A self-driving car with sudden brake failure will swerve and drive through a crossing which will be used by predestrians to cross in the other lane. This will result in the death of 2 Boy who were crossing in the other lane,A self-driving car with sudden brake failure will continue ahead and drive through a crossing which will be used by predestrians to cross in the other lane ahead. This will result in the death of 2 Man who were crossing ahead of the car​,case2
